policy,net_profit,revenue,imbalance_cost,degradation_cost,total_reward,delivered,committed,pv_produced,delivery_ratio,battery_cycles,hours,n_episodes
Conservative (80%),3895.038075317809,20510.116678851533,16615.078603533726,0.2010452339805231,3894.8370300900883,171.9654106951986,151.51145965709762,168.286608,1.173829424090733,1.0052261699026155,48.0,10.0
Aggressive (100%),-4132.4872622385055,20836.473916714658,24968.961178953166,0.46900413336787594,-4132.956266354291,171.3280819477513,189.38932174925122,168.286608,0.9352109669247305,2.3450206668393796,48.0,10.0
Price-Aware,2096.091170870991,20775.529559203536,18679.438388332546,0.46051609613000233,2095.630654788868,171.3634487695757,148.16243715664248,168.286608,1.1614145821140878,2.302580480650011,48.0,10.0
