policy,net_profit_mean,net_profit_std,revenue_mean,revenue_std,imbalance_cost_mean,imbalance_cost_std,degradation_cost_mean,degradation_cost_std,total_reward_mean,total_reward_std,delivered_mean,delivered_std,committed_mean,committed_std,pv_produced_mean,pv_produced_std,delivery_ratio_mean,delivery_ratio_std,battery_cycles_mean,battery_cycles_std,hours_mean,hours_std,n_episodes_mean,n_episodes_std,n_seeds
RL Agent (SAC),9859.68463858836,6404.912906833436,39087.12571935167,16409.950237934267,29227.441080763314,11111.000326176669,0.25921048837664634,0.054412150451278736,9859.425428103563,6404.861880289529,196.16894569284278,31.945939013164917,99.25017327173109,11.121260975852824,192.30598080000001,32.136869834559846,2.2194452038055013,0.498289584033297,1.2960524418832318,0.2720607522563938,48.0,0.0,10.0,0.0,5
Conservative (80%),6497.550311314499,6299.741637020376,38372.223680261406,16326.356208049703,31874.673368946904,12525.19085144487,0.21640523398052308,0.04008575806941908,6497.333906087135,6299.728002180403,195.9207834951986,32.35443657261619,181.00183062679102,18.100148262999532,192.30598080000001,32.136869834559846,1.136210105143578,0.2090897848557953,1.0820261699026155,0.20042879034709574,48.0,0.0,10.0,0.0,5
Aggressive (100%),-9144.368546950354,7403.251646673916,38810.38522079367,16404.133640400607,47954.75376774403,19052.186322519123,0.4559304573193524,0.0475029690414184,-9144.824477389137,7403.223259589615,195.40192839795347,31.98403814695607,226.25228491206698,22.625184991607863,192.30598080000001,32.136869834559846,0.9062772336263236,0.16509838533281862,2.279652286596762,0.23751484520709207,48.0,0.0,10.0,0.0,5
Price-Aware,2600.4176759038924,5988.234577448376,38603.75808243475,16321.206531261647,36003.34040653087,14004.276542515126,0.5312950660900205,0.04733849467755335,2599.886380856039,5988.201940668107,194.6964162146043,31.708639816015612,166.48135828063087,18.707401041144134,192.30598080000001,32.136869834559846,1.2175989755200916,0.21047782344111612,2.6564753304501023,0.23669247338776672,48.0,0.0,10.0,0.0,5
